"","Name","WAR","RAA.off","RAA.pitch","RAA.field","RAA.br"
"985","Trout",4.64,42.9,0,3.53,1.26
"353","Tulowitzki",3.9,34.42,0,4.6,-5.15
"724","Goldschmidt",3.3,32.08,0,0.92,4.52
"190","Hernandez, F",2.89,-0.73,30.63,-0.99,0
"482","Gordon, A",2.69,19.81,0,7.12,7.37
"588","Kershaw",2.67,2.32,24.29,0.11,-0.47
"125","Wainwright",2.67,3.95,22.71,0.06,-0.82
"598","Brantley",2.64,24.13,0,2.26,1.49
"829","Sale",2.61,0,25.83,0.27,0
"345","Lester",2.57,-0.32,26.84,-0.82,0
"1047","Seager",2.43,20.8,0,3.51,-0.66
"430","McCutchen",2.41,20.6,0,3.49,2.61
"836","Stanton",2.39,27.2,0,-3.35,6.4
"17","Werth",2.38,23.37,0,0.44,4.82
"491","Moss",2.37,19.89,0,3.78,1.12
"89","Cabrera, M",2.33,15.2,0,8.1,-0.96
"683","Chisenhall",2.32,25.01,0,-1.8,-0.83
"1156","Puig",2.31,21.46,0,1.61,3.58
"805","Mesoraco",2.24,22.47,0,-0.1,-3.77
"812","Norris, D",2.13,21.63,0,-0.32,-0.88
"800","Lucroy",2.09,19.7,0,1.24,3.36
"580","Betances",2.06,0,20.3,0.29,0
"12","Beltre, A",2.03,20.89,0,-0.56,-1.15
"174","Jones, Ad",2.01,18.54,0,1.61,2.8
"414","Pearce",1.98,14.26,0,5.52,0.85
"778","Donaldson",1.93,15.3,0,3.99,-0.09
"996","Abreu",1.92,15.51,0,3.73,-2.85
"60","Utley",1.9,15.71,0,3.27,3.51
"134","Cano",1.88,21.69,0,-2.87,2.27
"480","Braun",1.88,17.59,0,1.16,1.76
"228","Kinsler",1.83,13.56,0,4.69,6.94
"180","Kazmir",1.81,-0.92,18.67,0.29,0
"1044","Richards",1.8,-1.79,19.61,0.16,0
"1068","Keuchel",1.78,0.3,15.92,1.58,0
"688","Martinez, J",1.77,16.89,0,0.85,0.4
"370","Scherzer",1.77,-0.2,18.4,-0.53,0
"135","Encarnacion",1.76,15.15,0,2.46,-2.08
"488","Gomez, C",1.76,16.96,0,0.65,2.83
"59","Martinez, V",1.72,16.01,0,1.15,-8.04
"41","Buehrle",1.66,0,17.16,-0.53,0
"102","Crisp",1.65,16.09,0,0.43,2.17
"1059","Dickerson",1.64,20.11,0,-3.68,-0.66
"378","Arrieta",1.6,-1.24,17,0.22,-0.12
"278","Kluber",1.59,0.2,15.39,0.34,-0.02
"86","Morneau",1.58,13.89,0,1.86,-1.34
"947","Rendon",1.56,14.45,0,1.19,4.05
"173","Hamels",1.52,0.38,14.79,0.07,-1.36
"732","Darvish",1.52,-0.07,14.82,0.5,0
"992","Tanaka, M",1.5,-0.53,15.81,-0.28,0
"225","Kendrick, H",1.5,12.65,0,2.33,1
"1116","Gattis",1.49,15.32,0,-0.39,-0.78
"465","McGee",1.49,0,14.89,0,0
"412","Cueto",1.48,-1.93,15.88,0.88,-0.14
"342","Lind",1.48,17.87,0,-3.06,0.66
"96","Reyes",1.47,14.68,0,-0.02,5.53
"222","Duke",1.46,-0.11,14.59,0.08,0
"35","Rollins",1.44,13.44,0,0.94,-0.06
"873","Ozuna",1.43,6.09,0,8.21,1.64
"239","Desmond",1.42,16.12,0,-1.93,0.89
"358","Miller, A",1.41,0,13.54,0.54,0
"383","Frazier",1.41,11.03,0,3.04,3.38
"237","Suzuki, K",1.38,13.21,0,0.58,-5.43
"907","Gillaspie",1.37,14.49,0,-0.83,1.05
"243","Cruz, N",1.36,13.29,0,0.33,-3.78
"727","O'Day",1.36,0,12.97,0.6,0
"823","Rizzo",1.35,15.44,0,-1.92,-0.03
"1060","Dozier",1.35,8.52,0,4.99,2.7
"128","Greinke",1.35,0.19,11.83,1.46,-0.89
"352","Ellsbury",1.32,9.86,0,3.37,2.16
"166","Bautista",1.32,14.88,0,-1.71,-0.31
"763","Bumgarner",1.29,6.39,6.36,0.18,-0.7
"911","Gray, S",1.29,-0.27,12.21,0.95,0
"329","Davis, W",1.27,0,13.18,-0.47,0
"44","Hamilton",1.26,11.94,0,0.68,-0.44
"961","Springer",1.26,15.08,0,-2.48,0.07
"196","Howell",1.25,0,12.49,-0.04,0
"9","Ortiz, D",1.23,12.57,0,-0.32,-4.53
"217","Sanchez, An",1.22,0.83,10.91,0.47,0.02
"313","Neshek",1.22,0,11.65,0.53,0
"747","Castro, S",1.21,10.97,0,1.15,-0.06
"1123","Kiermaier",1.21,10.03,0,2.07,0.22
"366","Watson",1.2,0.96,11.08,0,0
"993","Ryu",1.19,-0.35,11.18,1.07,-0.19
"400","Price",1.18,-0.22,12.93,-0.91,0
"549","Abad",1.18,0,10.9,0.88,0
"466","Saunders, M",1.18,6.95,0,4.8,2.2
"208","Pagan",1.17,6.56,0,5.16,0.81
"670","Davis, Kh",1.16,5.02,0,6.56,1.06
"175","Aybar",1.15,12.49,0,-0.97,0.53
"106","Peralta, Jh",1.15,4.17,0,7.3,-2.4
"694","Britton",1.13,0,10.57,0.73,0
"216","Ramirez, H",1.13,16.68,0,-5.39,2.73
"386","Broxton, J",1.13,0,10.51,0.77,0
"1021","Gennett",1.13,14.54,0,-3.27,1.9
"635","Cespedes",1.11,8.08,0,3.06,3.49
"633","Uehara",1.11,0,11.15,-0.02,0
"524","Cabrera, Me",1.1,12.17,0,-1.16,-0.54
"963","Gordon, D",1.1,10.99,0,0.02,2.91
"831","Smith, W",1.09,0,11.01,-0.08,0
"894","Crawford, B",1.09,10.93,0,-0.07,3.37
"817","Porcello",1.08,-0.17,10.86,0.15,0
"189","Casilla, S",1.08,0.05,11.04,-0.33,0
"991","Iwakuma",1.07,0.43,9.59,0.69,0.13
"1114","Eaton",1.07,11.26,0,-0.59,1.78
"379","Blackmon",1.05,7.74,0,2.78,-5
"647","Quintana",1.05,-0.32,10.58,0.22,0
"436","Turner, J",1.04,7.87,0,2.58,1.65
"1111","Calhoun",1.04,9.43,0,1,1.56
"1105","Yelich",1.03,8.28,0,2.01,0.21
"244","Jaso",1.02,9.84,0,0.36,1.74
"49","Affeldt",1.01,0,8.29,1.83,0
"361","Stubbs",1.01,10.53,0,-0.47,1.02
"343","Pence",1,15.6,0,-5.55,5.74
"553","Putnam",1,0,10.27,-0.23,0
"741","Altuve",1,6.77,0,3.27,1.02
"542","Montero, M",1,10.6,0,-0.62,0.29
"340","Smith, S",0.99,12.91,0,-2.96,1.52
"306","Papelbon",0.99,0,10.1,-0.22,0
"433","Upton, J",0.97,6.97,0,2.74,1.35
"267","Chavez, J",0.97,-0.58,11.32,-1.03,0
"861","Teheran",0.97,-0.13,9.92,-0.11,-0.07
"1080","Allen",0.96,0,9.67,-0.03,0
"235","Walker",0.96,11.75,0,-2.15,0.69
"296","Doolittle",0.96,-0.07,9.81,-0.15,0
"1024","Hamilton, B",0.96,8.06,0,1.51,2.91
"317","Vargas",0.95,0,9.01,0.54,0
"318","Weaver",0.95,-0.29,9.3,0.54,0
"58","Soriano, R",0.94,0,9.48,-0.11,0
"388","Iannetta",0.92,9.94,0,-0.7,-0.22
"179","Martin, R",0.92,8.53,0,0.69,2.08
"994","Chapman",0.92,0,9.17,0,0
"344","Span",0.91,5.89,0,3.21,5.74
"685","Robertson, D",0.91,0,9.09,0.01,0
"1089","Kahnle",0.91,-0.16,8.93,0.3,0
"474","Varvaro",0.91,0,9.08,-0.03,0
"791","Holland, G",0.9,0,9.32,-0.28,0
"1149","Wacha",0.9,-0.09,9.04,0.08,0.37
"932","Lyles",0.9,2.46,5.53,1.01,-0.31
"780","Freeman, F",0.9,8.78,0,0.2,4.2
"1130","Asche",0.9,7.53,0,1.43,2.2
"1112","deGrom",0.89,1.82,6.84,0.22,0.08
"876","Santana, D",0.88,9.03,0,-0.21,0.53
"293","Jepsen",0.88,0,8.85,-0.09,0
"1034","Loup",0.87,0,7.07,1.59,0
"218","Street",0.85,0,8.29,0.17,0
"668","Chamberlain",0.84,0,8.19,0.17,0
"1058","Carpenter, M",0.84,11.15,0,-2.79,0.53
"124","Atchison",0.83,0,7.78,0.5,0
"193","League",0.83,-0.04,8.1,0.21,0
"66","Holliday",0.82,8.85,0,-0.65,-1.38
"970","Wong",0.81,5.97,0,2.15,2.56
"795","Kimbrel",0.81,0,8.11,-0.02,0
"525","Machi",0.8,-0.28,8.55,-0.3,-0.12
"38","Beckett",0.8,1.81,5.81,0.33,-0.02
"74","Rodney",0.79,0,8.05,-0.14,0
"1043","Pollock",0.78,7.7,0,0.15,-0.74
"975","Familia",0.78,0.38,7.86,-0.39,0.01
"702","Boxberger",0.78,0,7.93,-0.1,0
"814","Otero",0.78,0,7.09,0.72,0
"1069","Morin, M",0.78,0,7.65,0.11,0
"949","Roark",0.77,-2.38,9.67,0.44,-0.02
"419","Solano, D",0.76,2.42,0,5.23,0.87
"574","Zimmerman",0.76,7.04,0,0.6,0.07
"501","Plouffe",0.75,6.45,0,1.09,6.44
"816","Pomeranz",0.75,0,7.09,0.44,0
"399","Pedroia",0.75,3.13,0,4.38,-1.53
"916","Harrison, J",0.74,8.64,0,-1.19,4.52
"864","Quackenbush",0.74,0,7.36,0.01,0
"150","Qualls",0.73,0,7.28,0.03,0
"555","Conger",0.73,6.58,0,0.72,2.53
"887","Brach",0.72,-0.03,7.41,-0.14,0
"37","Benoit",0.72,0,7.42,-0.19,0
"273","Wieters",0.71,6.47,0,0.65,-1.1
"183","McGehee",0.71,11.18,0,-4.07,-1.39
"710","Fien",0.71,0,6.7,0.4,0
"282","Rodriguez, S",0.71,7.27,0,-0.17,0.57
"735","Alvarez, H",0.7,0.35,4.85,1.81,-0.01
"717","Dyson, J",0.7,2.78,0,4.22,1.81
"900","Farquhar",0.7,0,6.87,0.1,0
"819","Ramirez, N",0.69,0,7,-0.08,0
"286","Ziegler",0.69,-0.02,6.25,0.67,0
"1153","Wood, A",0.69,-1.12,8.67,-0.64,-0.11
"65","Lackey",0.69,0,6.54,0.31,0
"301","Sipp",0.68,0,6.6,0.16,0
"593","Badenhop",0.67,0,6.23,0.49,0
"779","Duffy",0.67,0.33,7.28,-0.92,0.02
"87","Rodriguez, Fr",0.67,0,6.78,-0.11,0
"437","Posey",0.66,6.77,0,-0.15,0.31
"582","Warren",0.66,0,6.78,-0.18,0
"259","Janssen",0.65,0,6.57,-0.03,0
"305","Wright, W",0.65,0,5.81,0.7,0
"418","Torres, A",0.64,-0.09,6.43,0.08,0
"860","Perez, M",0.64,-0.01,6.54,-0.11,0
"355","Hughes, J",0.64,-0.1,5.95,0.52,0
"52","Lohse",0.63,-1.33,7.86,-0.28,-0.09
"715","Gregerson",0.62,0,6.14,0.11,0
"680","Archer",0.62,-0.11,6.34,0.01,0
"1075","Stroman",0.61,0,6.31,-0.2,0
"699","Samardzija",0.61,1.07,5.27,-0.25,-0.25
"498","Hughes, P",0.61,-0.61,7.44,-0.77,0
"319","Zobrist",0.6,5.48,0,0.55,5.44
"127","Cotts",0.6,0,6.56,-0.57,0
"417","Cain, L",0.6,2.49,0,3.48,0.97
"330","Fowler",0.59,13.08,0,-7.14,1.88
"718","Murphy, Dn",0.59,9.25,0,-3.37,2.75
"374","Melancon",0.58,0,5.2,0.64,0
"753","Herrera, K",0.58,0,5.96,-0.17,0
"1158","Despaigne, O",0.57,-1.42,6.73,0.43,0
"497","Gonzalez, Gi",0.55,0.39,5.67,-0.52,-0.19
"706","Gentry",0.55,2.1,0,3.41,2.28
"623","Thatcher",0.55,0,5.79,-0.32,0
"839","Vogt",0.55,6,0,-0.54,0.76
"930","Lawrie",0.54,4.79,0,0.66,0.14
"1136","Marshall, E",0.54,0,3.27,2.16,0
"47","Choate",0.54,0,5.24,0.14,0
"99","Perez, O",0.54,0,5.42,-0.05,0
"146","Gomes, J",0.53,3.18,0,2.12,-0.24
"346","Wilhelmsen",0.52,0,4.44,0.71,0
"1071","Ramos, A",0.51,0,4.79,0.35,0
"322","Fister",0.51,-0.07,4.83,0.37,1.15
"1029","Holt",0.51,7.09,0,-1.97,-0.78
"147","Simon",0.51,0.38,3.4,1.31,-0.49
"722","Petricka",0.5,0,4.79,0.24,0
"1022","Giles",0.5,0,5.18,-0.23,0
"915","Hardy",0.49,0,4.35,0.55,0
"533","Santana, C",0.49,6.51,0,-1.62,0.5
"667","Smith, J",0.49,0,4.41,0.44,0
"154","Adams, M",0.48,0,4.2,0.62,0
"776","Dietrich",0.48,5.48,0,-0.7,2.23
"781","Freeman, S",0.48,0,4.78,0,0
"926","Kipnis",0.47,4.05,0,0.7,0.63
"837","Storen",0.47,0,4.71,0.03,0
"605","Duensing",0.47,0,4.55,0.16,0
"1000","Suarez",0.46,3.81,0,0.84,-1.83
"316","Perkins",0.46,0,4.16,0.44,0
"518","Soria",0.46,0,4.41,0.18,0
"874","Villar, J",0.46,-0.43,0,5.01,4.03
"590","Walden",0.46,0,4.72,-0.15,0
"457","Lynn",0.46,-2.01,6.69,-0.1,-0.35
"69","De La Rosa, J",0.46,3,1.83,-0.26,-0.27
"356","Kennedy",0.46,1.99,3.04,-0.48,-0.1
"845","Zimmermann",0.45,-0.22,3.93,0.83,0.06
"783","Furbush",0.45,0,4.95,-0.45,0
"567","Ross, T",0.45,-0.86,4.96,0.38,0.08
"600","Cashner",0.44,0.04,3.65,0.74,0.33
"990","Tazawa",0.44,0,4.4,0.03,0
"114","LaRoche",0.44,5.71,0,-1.31,-0.93
"701","Black",0.44,0,4.55,-0.15,0
"928","Kohn",0.44,0,4.43,-0.06,0
"865","Hahn",0.43,-0.8,5.43,-0.28,-0.06
"856","De La Rosa, R",0.43,0,4.22,0.11,0
"53","Beimel",0.43,0,4.15,0.18,0
"32","Dunn, A",0.43,2.97,0,1.34,-3.89
"995","Martin, L",0.43,-0.09,0,4.35,3.77
"302","Torres, C",0.42,-0.16,5.41,-1,0
"548","Valbuena",0.42,3.46,0,0.78,0.37
"1125","Odor",0.42,5.99,0,-1.76,0.24
"260","Redmond",0.41,-0.12,4.86,-0.6,0
"1014","Arenado",0.41,2.63,0,1.47,0.5
"281","Cecil",0.4,0,4.08,-0.04,0
"775","Diekman",0.4,0,3.33,0.68,0
"394","Bastardo",0.4,0.25,3.76,-0.05,-0.01
"496","Murphy, Dv",0.39,7.16,0,-3.22,1
"159","Johnson, K",0.39,2.84,0,1.1,-0.95
"557","Freiman",0.39,2.97,0,0.94,0.59
"530","Ramos, W",0.39,3.31,0,0.54,0.34
"1007","Alcantara",0.38,3.65,0,0.19,0.81
"246","Webb",0.38,0,4.28,-0.47,0
"1076","Thielbar",0.38,0,3.69,0.11,0
"587","Niese",0.38,-1.1,5.31,-0.41,-0.09
"653","Pineda",0.38,0,3.68,0.11,0
"972","Gregorius",0.37,3.77,0,-0.06,1.37
"789","Heyward",0.37,-1.61,0,5.27,0.72
"674","Kontos",0.36,0,3.75,-0.15,0
"181","Wright, D",0.35,4.7,0,-1.15,-0.22
"1154","Simmons, S",0.35,0,3.56,-0.05,0
"941","Nieuwenhuis",0.35,3.06,0,0.44,-0.3
"493","Clippard",0.35,0,3.59,-0.09,0
"958","Shaw",0.35,0,3.73,-0.24,0
"794","Kelley",0.35,0,2.68,0.78,0
"527","Strop",0.35,0,3.84,-0.38,0
"377","Fuld",0.34,0.15,0,3.25,-1.9
"966","Vazquez",0.34,3.12,0,0.28,-0.24
"327","Adduci",0.33,2.63,0,0.71,0.36
"709","Gillespie",0.33,0.6,0,2.73,2
"640","Ottavino",0.33,0,3.63,-0.34,0
"1062","Edgin",0.32,0.04,3.36,-0.16,0
"1108","Polanco, J",0.32,3.29,0,-0.1,0.12
"1086","Gausman",0.32,0,3.54,-0.36,0
"1100","Simmons, A",0.32,3.12,0,0.06,3.03
"842","Withrow",0.31,0,3.13,0.01,0
"1159","Crockett",0.31,0,3.29,-0.16,0
"486","Gimenez",0.31,1.83,0.35,0.91,-1.48
"638","Campbell",0.31,3.72,0,-0.65,0.47
"462","Gardner, B",0.3,3.08,0,-0.1,-2.03
"738","Sanchez, T",0.3,3.18,0,-0.21,0.45
"832","Smolinski",0.3,2.83,0,0.12,-0.14
"682","Locke",0.29,0.05,3.28,-0.43,-0.35
"36","Arroyo",0.29,2.8,0.06,0.03,0.42
"266","Thayer",0.29,0,2.89,-0.01,0
"547","Carrasco",0.29,-0.1,2.65,0.33,0
"1098","Rutledge",0.29,5.58,0,-2.72,0.83
"689","Negron",0.28,2.72,0,0.09,0.01
"160","Boyer",0.28,0,2.56,0.2,0
"15","Chavez, Er",0.27,2.29,0,0.4,0.36
"111","Willingham",0.27,3.09,0,-0.4,-1.14
"586","Alvarez, P",0.27,2.84,0,-0.15,2.36
"275","Longoria",0.27,7.09,0,-4.42,0.34
"556","Rasmus, C",0.26,0,2.48,0.15,0
"1046","Rosenthal",0.26,-0.27,3.13,-0.23,0
"456","Wilson, J",0.26,-0.09,3,-0.32,0
"300","Ruggiano",0.26,-0.23,0,2.82,-2.73
"268","Eveland",0.26,0,2.68,-0.1,0
"506","Andrus",0.25,2.28,0,0.22,6.13
"631","Kuroda",0.25,-0.37,2.58,0.29,0
"100","Lee, Cl",0.25,-0.35,3.15,-0.35,-0.26
"205","Hammel",0.24,-0.76,4.5,-1.33,-0.25
"484","Reimold",0.24,2.3,0,0.08,-0.09
"95","Crawford, C",0.23,2.45,0,-0.12,4.07
"608","Hunter, T",0.23,0,2.14,0.17,0
"645","Medina",0.23,0,2.82,-0.53,0
"766","Cishek",0.23,0,2.6,-0.32,0
"314","Kouzmanoff",0.23,4.1,0,-1.84,-0.75
"64","Byrd",0.22,-0.71,0,2.91,-4.22
"350","Gorzelanny",0.22,0.04,2.26,-0.1,0
"924","Jennings, D",0.22,0,2.67,-0.48,0
"770","Cowgill",0.22,-0.64,0,2.83,-1.94
"335","Rodriguez, Fe",0.22,0,2.24,-0.05,0
"1064","Greene",0.22,0,2.22,-0.06,0
"29","Hudson, T",0.21,-4.79,7.28,-0.36,0.3
"880","Mendez",0.21,0,2.06,0.06,0
"1037","Murphy",0.2,1.41,0,0.64,0.2
"22","Cuddyer",0.2,2.11,0,-0.08,-0.5
"145","Young, D",0.2,3.26,0,-1.26,-0.61
"79","Ludwick",0.2,2.61,0,-0.65,-1.67
"700","Leake",0.19,0.55,1.24,0.13,-0.25
"828","Rzepczynski",0.19,0,2.8,-0.92,0
"280","Guyer",0.19,-0.01,0,1.89,1.44
"4","Hawkins",0.19,0,2.25,-0.39,0
"1","Abreu",0.19,4.59,0,-2.73,0.89
"728","Peralta, W",0.18,1.62,0.72,-0.49,-0.08
"1050","Wheeler, R",0.18,2.29,0,-0.46,-0.11
"681","Gibson",0.18,-0.97,2.98,-0.19,-0.37
"469","Joyce",0.18,0.97,0,0.86,-0.51
"619","Stammen",0.18,1.59,0.45,-0.23,0.46
"1012","Adams, M",0.18,1.56,0,0.25,-0.49
"564","Belt",0.18,-2.17,0,3.97,1.31
"850","Perez, S",0.18,1.8,0,0,0.19
"1042","Paxton",0.18,0,1.73,0.07,0
"449","Coghlan",0.18,4.8,0,-3,1.25
"408","Alburquerque",0.18,0,1.51,0.28,0
"804","McFarland",0.18,-0.01,1.42,0.37,0
"1016","Bour",0.18,1.75,0,0.02,0.08
"942","Odorizzi",0.18,0,2.27,-0.51,0
"989","Perez, R",0.18,1.82,0,-0.06,-0.2
"1128","La Stella",0.17,2.82,0,-1.08,-2.13
"968","Webb, D",0.17,0,1.06,0.67,0
"634","Wada",0.17,0.13,1.29,0.28,-0.02
"979","Strasburg",0.17,1.1,0.35,0.25,-0.28
"1045","Rodriguez, P",0.17,0,1.66,0.03,0
"479","Pennington",0.17,1.36,0,0.33,0.87
"489","Morgan",0.17,3.3,0,-1.62,0.41
"803","McCoy",0.16,0,1.67,-0.05,0
"1140","Elias",0.16,0.08,1.14,0.39,0
"72","Lane, J",0.16,-0.09,1.55,0.12,0
"613","Partch",0.16,0,1.63,-0.05,0
"464","Mattheus",0.16,0,1.55,0,0
"1152","Thomas, I",0.15,0,1.88,-0.35,0
"245","Trumbo",0.15,2.03,0,-0.5,-2.02
"813","Oberholtzer",0.15,0,1.9,-0.38,0
"30","Carlyle",0.15,0,1.5,0,0
"1026","Hernandez",0.15,4.03,0,-2.54,0.29
"673","Sizemore",0.15,1.16,0,0.33,0.09
"463","Young, E",0.15,1.04,0,0.44,4.92
"621","Yates",0.15,0,1.47,0,0
"234","Kottaras",0.15,1.75,0,-0.3,-0.33
"573","Phelps, D",0.14,-0.55,1,1,-0.01
"769","Colon, C",0.14,1.37,0,0.07,-0.07
"157","Frasor",0.14,0,1.05,0.37,0
"210","Gutierrez",0.14,-0.09,2.08,-0.6,0
"452","Cedeno, X",0.14,0,1.43,-0.04,0
"448","Votto",0.14,2.35,0,-0.97,0.17
"392","Chirinos",0.14,1.81,0,-0.46,-0.21
"63","Overbay",0.14,0.68,0.18,0.5,0.54
"272","Duda",0.13,4.31,0,-2.97,-0.53
"88","Figgins",0.13,1.04,0,0.31,0.03
"636","Ramirez, Al",0.13,0.11,0,1.2,0
"447","Albers, M",0.13,0,1.42,-0.11,0
"866","Nava",0.13,-1.74,0,3.02,-1.06
"626","Feliz",0.13,0,1.31,-0.05,0
"55","Uribe",0.13,-1.21,0,2.46,-1.35
"1133","Capps",0.12,0,1.39,-0.14,0
"632","Matsuzaka",0.12,0.73,0.53,-0.03,0.03
"971","Wooten",0.12,0,1.67,-0.47,0
"824","Robinson, C",0.12,1.04,0,0.16,-0.19
"191","Petit, Y",0.12,-0.75,2.78,-0.87,0
"423","Coke",0.11,0,1.23,-0.09,0
"560","Mercer",0.11,-3.09,0,4.22,1.56
"118","Victorino",0.11,-0.28,0,1.41,0.58
"714","McKenry",0.11,0.89,0,0.23,-1
"67","Putz",0.11,0,1.43,-0.32,0
"562","Surkamp",0.11,0,1.16,-0.06,0
"618","Schlitter",0.11,0.5,0.52,0.06,0
"511","Jimenez, C",0.11,0,1.08,-0.01,0
"773","De Fratus",0.11,-0.02,1.63,-0.55,0
"641","Bueno",0.11,0,1.07,-0.01,0
"451","Brignac",0.11,2.12,0,-1.06,-0.21
"1041","Paulsen",0.1,0.19,0,0.83,-0.5
"575","Cook",0.1,0,0.48,0.53,0
"652","Adrianza",0.1,-1.36,0,2.32,-0.9
"1085","Darnell",0.09,0,0.85,0.1,0
"1118","Rowen",0.09,0,0.64,0.31,0
"1094","Ray, R",0.09,0,0.82,0.12,0
"754","Colome",0.09,0,0.89,0.03,0
"679","Norris, B",0.09,-0.3,0.97,0.26,0
"382","Blanco, G",0.09,0.94,0,-0.03,2.37
"720","Barrett",0.09,0,0.79,0.11,0
"401","Savery",0.09,0,0.93,-0.04,0
"1134","Fernandez, J",0.09,0.04,1.03,-0.21,-0.08
"1027","Hollands",0.08,0,0.61,0.23,0
"411","Nunez",0.08,1.19,0,-0.36,-0.46
"563","Worley",0.08,-1.18,1.35,0.66,0
"938","Milone",0.08,-0.2,1.22,-0.21,0
"1005","Polanco, G",0.08,0.22,0,0.58,3.48
"1054","VerHagen",0.08,0,0.85,-0.05,0
"250","Ethier",0.08,2.83,0,-2.04,-2.66
"750","Rodriguez, W",0.07,0,0.77,-0.02,0
"960","Siegrist",0.07,0,0.91,-0.17,0
"1145","Roth",0.07,0,0.73,-0.02,0
"303","Davis, C",0.07,4.52,0,-3.82,-0.71
"579","Hellickson",0.07,0,0.61,0.06,0
"288","Dickerson",0.07,2.51,0,-1.86,0.25
"872","Contreras",0.07,-0.09,0.69,0.05,0
"487","Blevins",0.06,0,0.47,0.16,0
"762","Brown, A",0.06,-0.92,0,1.54,-0.32
"886","Beliveau",0.06,0,0.52,0.05,0
"325","Sellers",0.06,0.03,0,0.53,0.11
"742","Tejada, R",0.05,-1.73,0,2.27,-0.32
"764","Carpenter, D",0.05,0,0.54,0,0
"637","Viciedo",0.05,-0.98,0,1.51,0.82
"830","Scribner",0.05,0,0.54,-0.01,0
"599","Buchter",0.05,0,0.52,0,0
"940","Nieto",0.05,0.75,0,-0.23,0.06
"784","Gee",0.05,-0.64,0.88,0.26,0.01
"505","Jaime",0.05,0,0.51,-0.02,0
"248","Peralta",0.05,0.65,0,-0.18,-1.3
"11","Ramirez, Ar",0.05,3.57,0,-3.1,1.31
"1121","Walters, Z",0.05,0,0,0.46,-0.08
"253","Hagadone",0.05,0,0.41,0.05,0
"1101","Smyly",0.05,0.04,1.33,-0.92,0
"964","Thompson, Ta",0.04,0,0.44,-0.01,0
"70","Guerrier",0.04,0,0.51,-0.08,0
"1109","Cecchini",0.04,0.72,0,-0.31,-0.02
"82","Peralta, Jo",0.04,0,0.78,-0.37,0
"163","Ramirez, R",0.04,0,0.4,0,0
"424","Harrison, M",0.04,0,0.58,-0.19,0
"1115","Garcia, G",0.04,0.68,0,-0.3,-0.16
"287","O'Flaherty",0.03,0,0.57,-0.22,0
"526","Bonifacio",0.03,-1.54,0,1.89,0.56
"976","Schultz",0.03,0,0.36,-0.01,0
"390","Martin, C",0.03,0,0.35,-0.02,0
"1039","Owings, C",0.03,2.73,0,-2.39,-0.81
"371","Huff",0.03,0.39,0.73,-0.79,-0.03
"870","Perez, A",0.03,0.32,0,0,0.01
"122","Rivera, R",0.03,-0.02,0,0.34,-2.06
"1020","Fiers",0.03,-0.09,0.48,-0.07,0
"1157","Arruebarrena",0.03,0.39,0,-0.08,0.21
"946","Pryor",0.03,0,0.31,-0.01,0
"554","Beato",0.03,0,0.23,0.06,0
"826","Rosin",0.03,0,0.48,-0.19,0
"1009","Ventura",0.03,-0.17,0.08,0.38,0.12
"332","Figaro",0.03,0,0.29,-0.02,0
"336","Blanks",0.02,2.14,0,-1.9,0.01
"393","Pena, R",0.02,-2.08,0,2.31,1.16
"807","Moore, M",0.02,0,0.15,0.08,0
"256","Korecky",0.02,0,0.12,0.1,0
"1150","Leone",0.02,0,-0.09,0.3,0
"391","Nelson",0.02,-0.64,0,0.79,-0.01
"94","Infante",0.01,3.33,0,-3.21,0.78
"323","Martinez, D",0.01,0,0.21,-0.1,0
"654","Lagares",0.01,-2.12,0,2.2,2
"434","O'Sullivan",0.01,-0.29,0.36,-0.02,0
"730","Rondon, J",0.01,0,0.06,-0.01,0
"257","Downs, D",0,0,0.01,0,0
"164","Johnson, D",0,-0.6,0,0.61,-0.93
"1087","Hill",0,-0.27,0.18,0.09,0
"737","0",0,0,0,0,0
"304","Garcia, J",0,0.42,-0.95,0.53,-0.08
"883","Anna",0,0.6,-1.42,0.82,0.36
"421","Meek",0,0,-0.28,0.27,0
"734","Herrera, Y",0,0,-0.24,0.21,0
"444","Guerra, J",0,0,0.17,-0.22,0
"895","Cron",-0.01,0.89,0,-0.95,-0.22
"544","Diaz, J",-0.01,0,-0.21,0.16,0
"129","Floyd",-0.01,-0.52,0.34,0.1,0.03
"1099","Shreve",-0.01,0,-0.09,-0.01,0
"321","Wilson, C",-0.01,0.17,-0.69,0.41,-0.04
"1090","Machado, M",-0.01,-1.59,0,1.47,-0.98
"758","Valdespin",-0.01,-0.67,0,0.55,0.1
"182","Stauffer",-0.01,0.04,0.27,-0.45,-0.04
"797","Layne",-0.01,0,-0.4,0.26,0
"656","Alvarez, Jo",-0.01,0,-0.14,-0.01,0
"158","Burnett, S",-0.02,0,-0.14,-0.01,0
"1040","Patterson",-0.02,0,-0.13,-0.02,0
"969","Wilson, A",-0.02,0,-0.14,-0.04,0
"896","Crow",-0.02,0,-0.39,0.21,0
"1095","Realmuto",-0.02,0,0,-0.18,-0.06
"389","Maldonado",-0.02,0.07,0.2,-0.45,0.37
"939","Morel",-0.02,-0.19,0,0,0
"796","Kozma",-0.02,-0.47,0,0.27,0.01
"404","Flande",-0.02,0.5,-0.49,-0.22,-0.01
"603","Coleman, C",-0.02,0,-0.18,-0.03,0
"583","Luetge",-0.02,0,-0.27,0.05,0
"71","Buck",-0.02,-0.42,0,0.2,0.17
"612","Outman",-0.02,0,-1.1,0.88,0
"1003","Matzek",-0.02,0.19,-0.68,0.25,-0.05
"1052","Erlin",-0.02,0.16,-0.19,-0.22,-0.3
"858","Collins",-0.03,0,-0.39,0.1,0
"50","Chavez, En",-0.03,-2.2,0,1.89,-0.91
"825","Romine, A",-0.03,-0.3,0,-0.01,0
"31","Downs, S",-0.03,0,0.13,-0.45,0
"1124","Maness",-0.03,0.44,-0.83,0.06,0.04
"238","Quintanilla",-0.03,-0.82,0,0.49,-0.55
"131","Molina, Y",-0.04,-0.51,0,0.16,1.04
"857","Montero, J",-0.04,-0.38,0,0.02,0.05
"934","Martin, E",-0.04,0,-0.38,0.02,0
"515","Francisco, J",-0.04,2.9,0,-3.27,-0.86
"1104","Walker, T",-0.04,0,-0.33,-0.05,0
"200","Soto, G",-0.04,-0.26,0,-0.12,-0.13
"477","Mayberry",-0.04,1.97,0,-2.35,-0.01
"1113","Duvall",-0.04,0.71,0,-1.1,0.25
"903","Flynn",-0.04,-0.09,-0.27,-0.05,0
"558","Anderson, B",-0.04,0.11,-0.24,-0.31,-0.01
"733","Amarista",-0.04,-0.69,0,0.25,1.2
"500","Patton",-0.04,0,0.01,-0.45,0
"307","Henderson",-0.04,0,-0.66,0.22,0
"591","Salas",-0.04,0,-0.63,0.18,0
"1106","Martinez, C",-0.05,1.35,-2.91,1.1,0
"351","Evans, N",-0.05,-0.42,0,-0.04,-1.05
"957","Semien",-0.05,1.13,0,-1.61,0.08
"334","De La Rosa, D",-0.05,0,-0.89,0.41,0
"283","Rice",-0.05,0,-0.7,0.2,0
"148","Bartlett",-0.05,0.06,0,-0.57,0.4
"455","Lindblom",-0.05,0,-0.46,-0.04,0
"552","Dyson, S",-0.05,-0.09,-0.19,-0.23,0
"247","Rondon, H",-0.05,0,-0.84,0.33,0
"1055","Belnome",-0.05,-0.52,0,0,0
"559","Tolleson",-0.05,0,-0.82,0.3,0
"760","Beavan",-0.05,0,-0.64,0.1,0
"980","De La Rosa, E",-0.05,0,-0.6,0.06,0
"610","Moore, T",-0.05,-1.36,0,0.81,-0.07
"1120","Treinen",-0.06,-0.45,0.06,-0.17,0.04
"470","LeCure",-0.06,0,-0.14,-0.42,0
"1160","Guerrero",-0.06,-0.57,0,0,0
"270","Axford",-0.06,0,-0.54,-0.03,0
"1138","Smith, C",-0.06,0,-0.53,-0.05,0
"981","Bauer",-0.06,-0.16,-0.52,0.1,0
"1097","Riefenhauser",-0.06,0,-0.57,-0.02,0
"461","Parnell",-0.06,0,-0.61,-0.02,0
"841","Wheeler",-0.06,-0.09,0,-0.55,-0.03
"954","Sands",-0.06,-0.63,0,0,-0.23
"815","Parrino",-0.07,0.37,0,-1.03,0.25
"570","Flaherty",-0.07,-2.85,0,2.2,-3.32
"690","Colvin",-0.07,-0.91,0,0.25,1.9
"113","Baker, Je",-0.07,-0.47,0,-0.19,1.52
"765","Centeno",-0.07,-0.65,0,-0.06,-0.49
"581","Mazzaro",-0.07,-0.09,-0.5,-0.12,0
"375","Morrow",-0.07,0.08,-0.73,-0.08,0
"785","Gindl",-0.07,-0.85,0,0.11,-0.1
"897","Decker",-0.08,-0.8,0,0.05,0
"810","Navarro, E",-0.08,-0.74,0,-0.02,-1
"987","Harper",-0.08,0.07,0,-0.84,1.9
"220","Rowland-Smith",-0.08,-0.19,-0.5,-0.08,0
"363","Johnson, K",-0.08,-0.23,-0.62,0.08,0
"409","Feierabend",-0.08,0,-0.57,-0.21,0
"852","Kelly, J",-0.08,-0.19,-0.76,0.16,-0.05
"14","Chen, B",-0.08,0,-0.9,0.11,0
"178","Hill, A",-0.08,-4.77,0,3.92,2.29
"818","Poreda",-0.09,0,-0.32,-0.54,0
"840","West",-0.09,0,-0.81,-0.05,0
"782","Fryer",-0.09,-0.81,0,-0.06,-0.45
"660","Almonte, Z",-0.09,-1.94,0,1.06,0
"333","Fields",-0.09,0,-0.59,-0.29,0
"367","Boesch",-0.09,-1.47,0,0.58,-0.08
"1008","Sanchez, C",-0.09,-0.99,0,0.11,0
"48","Scutaro",-0.09,-0.68,0,-0.22,0.17
"167","Izturis, M",-0.09,-0.56,0,-0.34,0.02
"943","Pastornicky",-0.09,-0.49,0,-0.41,-1.16
"798","LeMahieu",-0.09,-2.29,0,1.38,-4.09
"468","Ambriz",-0.09,0,-0.89,-0.03,0
"212","Davis, R",-0.09,3.16,0,-4.08,0.97
"906","Giavotella",-0.09,-1.13,0,0.21,0.51
"885","Beeler",-0.09,-0.42,-0.59,0.07,-0.01
"936","McHugh",-0.1,0,-1.05,0.08,0
"1063","Goebbert",-0.1,-0.85,0,-0.12,1.13
"185","Blanco",-0.1,-0.68,0,-0.29,0.02
"616","Rosales",-0.1,-0.46,0,-0.52,-0.22
"739","Triunfel",-0.1,-0.95,0,-0.03,0.09
"849","Hendriks",-0.1,0,-0.88,-0.1,0
"438","Morris, B",-0.1,-0.02,-1.7,0.72,0
"863","Schlosser",-0.1,0.41,-1.38,-0.02,0.02
"988","Lee",-0.1,0,-1.29,0.27,0
"1072","Rosscup",-0.1,0,-0.99,-0.05,0
"1066","Hassan",-0.11,-0.95,0,-0.1,0.24
"521","Deduno",-0.11,-0.24,-0.42,-0.41,0
"788","Hague",-0.11,-1.09,0,0,0
"1103","Thornburg",-0.11,0.18,-1.6,0.31,0.02
"490","Russell",-0.11,0,-1.06,-0.05,0
"888","Butler, Jy",-0.11,-1.04,0,-0.07,0.03
"261","Dunn, M",-0.11,0,-0.52,-0.59,0
"514","Pino",-0.11,0,-1.24,0.1,0
"109","Hill, K",-0.11,-1,0,-0.14,-0.61
"748","Marte, S",-0.12,1.55,0,-2.71,3.32
"528","Sandoval",-0.12,-0.03,0,-1.14,-1.97
"471","Ramos, C",-0.12,-0.02,-1.07,-0.09,0
"110","Wilson, Jo",-0.12,-3.27,0,2.1,0.73
"676","Claiborne",-0.12,0.19,-1.48,0.1,0
"184","Young, Cr",-0.12,0.04,-1.25,0.02,0
"708","Pestano",-0.12,0,-1.23,0.03,0
"1146","Rucinski",-0.12,0,-1.18,-0.02,0
"1148","Knebel",-0.12,0,-1.38,0.16,0
"519","Bernadina",-0.12,-1.03,0,-0.18,0.5
"847","Baez, P",-0.12,0,-1.21,-0.02,0
"473","Teagarden",-0.12,-1.08,0,-0.16,-0.25
"625","Sucre",-0.13,-1.2,0,-0.06,-0.11
"453","Danks, Jd",-0.13,-2.64,0,1.38,0.52
"576","Marks",-0.13,0,-1.25,-0.03,0
"835","Souza Jr.",-0.13,-1.2,0,-0.1,0.03
"1110","Buchanan, J",-0.13,0,-1.24,-0.06,0
"395","Solis",-0.13,-1.18,0,-0.15,0
"221","Quentin",-0.13,-2.01,0,0.67,0.81
"677","Jeffress",-0.14,0,-0.82,-0.55,0
"1004","Jenkins",-0.14,0,-1.59,0.21,0
"264","Jansen",-0.14,0,-1.31,-0.09,0
"161","McGowan",-0.14,-0.13,-1.22,-0.06,0
"292","Ishikawa",-0.14,-2.28,0,0.87,0.02
"274","Detwiler",-0.14,0.33,-1.92,0.18,0.07
"1065","Greenwood",-0.14,-0.5,-0.89,-0.02,0
"121","Choo",-0.14,4.94,0,-6.37,2.2
"881","Germen",-0.14,-0.09,-1.37,0.03,0
"226","Napoli",-0.14,0.02,0,-1.45,-5.3
"1038","Myers",-0.14,-3.07,0,1.63,2.32
"1061","Dunning",-0.15,0,-1.46,0,0
"1088","Holaday",-0.15,-1.99,0,0.46,-1.06
"97","Santiago, R",-0.16,-0.81,0,-0.74,-0.49
"904","Fornataro",-0.16,0,-1.89,0.33,0
"913","Guilmet",-0.16,0,-1.45,-0.11,0
"1013","Altherr",-0.16,-1.67,0,0.1,0
"481","Butera",-0.16,-1.04,-1.58,1.04,1.17
"56","Olivo",-0.16,-1.62,0,0.03,-0.3
"442","Weeks, J",-0.16,-1.55,0,-0.06,-0.44
"443","Bruce",-0.16,-2.76,0,1.15,1.81
"1093","Parker, K",-0.16,-1.44,0,-0.21,-0.04
"98","Harang",-0.17,-7.03,5.95,-0.58,0.05
"354","Brown, B",-0.17,0,-1.67,0.01,0
"604","Cruz, T",-0.17,-2.39,0,0.72,-1.25
"1081","Bedrosian",-0.17,0,-1.68,0.01,0
"209","Lindstrom",-0.17,0,-1.69,0.02,0
"704","Reddick",-0.17,-2.62,0,0.93,0.67
"429","Pacheco",-0.17,-1.89,0,0.2,-1.54
"18","Farnsworth",-0.17,0,-1.61,-0.1,0
"195","Buckner",-0.17,0.04,-1.74,-0.02,0
"1017","Brothers",-0.17,0,-1.48,-0.25,0
"294","Hill, R",-0.17,0,-1.74,0,0
"298","Shields",-0.17,0.69,-2.08,-0.36,0.37
"1073","Ruf",-0.18,-1.37,0,-0.41,-0.01
"1067","Irwin",-0.18,0,-1.73,-0.05,0
"263","McCutchen",-0.18,0,-1.76,-0.03,0
"628","Martinez, M",-0.18,-1.54,0,-0.27,0.02
"132","Navarro, D",-0.18,-2.7,0,0.89,-4.13
"28","Bloomquist",-0.18,-1.8,0,-0.03,-1.62
"503","Swarzak",-0.18,0,-1.48,-0.35,0
"917","Hendricks",-0.18,-0.28,-1.72,0.16,-0.04
"820","Rasmussen",-0.19,0,-1.95,0.06,0
"712","Heisey",-0.19,-5.02,0,3.12,1.63
"5","Hunter, To",-0.19,-1.95,0,0.04,-0.57
"929","Lavarnway",-0.19,-2.28,0,0.37,0
"151","Cedeno, R",-0.19,-2.26,0,0.33,-0.01
"202","Morse",-0.19,-1.56,0,-0.36,-1.62
"962","Spruill",-0.19,-0.34,-1.6,0,0
"1137","Panik",-0.2,-3.82,0,1.85,0.22
"290","Delabar",-0.2,0,-2.28,0.31,0
"368","LeBlanc",-0.2,0,-1.94,-0.05,0
"1119","Sadler",-0.2,0,-1.92,-0.1,0
"973","Lutz, D",-0.2,-1.99,0,-0.03,0.57
"347","Hanigan",-0.2,-1.99,0,-0.05,-0.98
"365","Veal",-0.2,0,-2,-0.04,0
"188","Francis",-0.21,0.08,-1.75,-0.4,0
"1082","Casali",-0.21,-2.03,0,-0.05,-0.11
"878","Aguilar",-0.21,-2.64,0,0.55,-0.07
"133","Fielder",-0.21,-3.24,0,1.15,0.01
"893","Cosart",-0.21,-0.13,-2.6,0.63,0
"198","Jones, G",-0.21,-6.18,0,4.04,0.24
"40","Furcal",-0.21,-0.02,0,-2.12,1.25
"692","Stinson",-0.21,0,-2.2,0.05,0
"1030","Hutchison",-0.22,0.69,-1.71,-1.14,-0.13
"33","Grilli",-0.22,0,-1.74,-0.43,0
"566","Van Slyke",-0.22,-1.24,0,-0.94,-2.36
"678","Wood, Bl",-0.22,0,-2.31,0.11,0
"827","Rupp",-0.22,-2.95,0,0.75,0.29
"984","Marisnick",-0.22,-4.52,0,2.31,1.12
"578","Tolleson",-0.22,-3.1,0.07,0.81,-2.86
"1151","Chen, W",-0.22,-0.13,-2.28,0.2,0
"1143","Collins",-0.22,-2.75,0,0.54,-0.24
"910","Gose",-0.22,-5.56,0,3.33,-0.4
"862","Shoemaker",-0.23,-0.07,-1.86,-0.31,0
"1006","Santana, D",-0.23,-1.47,0,-0.79,0.32
"755","Paredes",-0.23,-1.33,0,-0.93,0.2
"746","Mejia, J",-0.23,-3.07,0.92,-0.11,0
"719","Miller, J",-0.23,0,-2.38,0.12,0
"1096","Reed, A",-0.23,0,-0.88,-1.4,0
"384","Burton",-0.23,0,-2.53,0.24,0
"540","Rodriguez, H",-0.23,0,-2.27,-0.02,0
"644","Solarte",-0.23,2.89,0,-5.19,0.5
"104","Doumit",-0.23,-2.04,0,-0.26,0.14
"289","Valdes",-0.23,0,-2.34,0.03,0
"51","Balfour",-0.23,0,-2.82,0.5,0
"1144","Pillar",-0.23,-3.38,0,1.05,-1.38
"546","Figueroa, P",-0.24,0,-2.28,-0.12,0
"68","Thornton",-0.24,0,-2.54,0.13,0
"664","Billings",-0.24,0,-2.39,-0.02,0
"686","Chapman, K",-0.24,0,-2.19,-0.23,0
"882","Adams",-0.24,0,-2.39,-0.03,0
"663","Hatcher",-0.24,-0.02,-1.91,-0.5,0
"177","Snyder, B",-0.24,-1.62,0,-0.82,-0.32
"657","Cabral",-0.24,0,-2.33,-0.12,0
"698","Clevenger",-0.24,-2.13,0,-0.32,-1.17
"291","Parra, M",-0.25,0,-1.87,-0.63,0
"516","Cervelli",-0.25,-2.54,0,0.02,-1.43
"130","Camp",-0.25,0,-2.48,-0.05,0
"793","Jordan",-0.25,-1.66,-0.43,-0.44,0
"310","Corporan",-0.25,-1.85,0,-0.68,-1.61
"144","DeJesus",-0.25,-0.92,0,-1.63,2.23
"467","Grube",-0.26,0,-2.55,-0.01,0
"396","Stewart, C",-0.26,-1.99,0,-0.56,0.55
"696","Owens",-0.26,0,-2.52,-0.05,0
"537","Herrera, J",-0.26,-1.38,0,-1.19,0.42
"1002","Wheeler, Z",-0.26,0.13,-2.29,-0.43,-0.59
"595","Baxter",-0.26,-3.76,0,1.15,0.16
"757","Salazar",-0.26,-0.04,-2.36,-0.21,0
"143","Weeks, R",-0.26,2.38,0,-5.01,1.63
"432","Bell, T",-0.27,0,-2.63,-0.02,0
"868","Garcia, A",-0.27,-0.85,0,-1.83,0.12
"675","Latos",-0.27,-1.89,-0.7,-0.09,-0.06
"271","Ondrusek",-0.27,-0.43,-2.46,0.21,0
"1129","Ahmed",-0.27,-2.66,0,-0.03,-0.47
"703","Green, G",-0.27,-1.62,0,-1.08,-0.8
"713","Santiago, H",-0.27,0.27,-2.62,-0.37,0
"84","Laird",-0.27,-2.7,0,-0.01,1.34
"740","Ortega, J",-0.27,0,-2.7,-0.01,0
"315","Lowe, M",-0.27,0,-1.49,-1.23,0
"648","Escobar, E",-0.27,-1.65,0,-1.07,-1.37
"1015","Barnhart",-0.27,-3.24,0,0.52,-0.05
"669","Tillman",-0.27,-0.58,-2.67,0.51,-0.44
"1102","Stites",-0.28,0,-3.04,0.28,0
"422","Logan",-0.28,0,-2.36,-0.41,0
"357","Lincoln",-0.28,0,-2.74,-0.04,0
"937","Miller, B",-0.28,-3.08,0,0.29,1.42
"844","Worth",-0.28,-2.51,0.05,-0.33,-2.04
"34","Gregg",-0.28,0,-2.77,-0.03,0
"364","Manship",-0.28,-0.22,-2.24,-0.35,0
"1023","Hale",-0.29,-0.51,-2.63,0.27,0.47
"908","Glenn",-0.29,-2.55,0,-0.31,0.13
"821","Reed, E",-0.29,0,-1.94,-0.93,0
"892","Cole",-0.29,-0.84,-2.9,0.81,0.06
"26","McDonald, Jo",-0.29,-6.43,0,3.5,-0.25
"891","Christiani",-0.29,-0.09,-2.57,-0.28,0
"843","Workman",-0.3,0,-2.93,-0.03,0
"875","Ramirez, J",-0.3,0,-2.88,-0.09,0
"85","Mauer",-0.3,-2.76,0,-0.23,3.16
"869","Bethancourt",-0.3,-2.82,0,-0.2,-0.36
"476","Getz",-0.3,-2.69,0,-0.33,0.06
"944","Perez, J",-0.3,-4.36,0,1.31,0.67
"295","Gwynn Jr.",-0.31,-4.59,0,1.52,-1.61
"339","Drew",-0.31,-2.46,0,-0.61,-0.66
"879","Cisnero",-0.31,0,-3.02,-0.07,0
"723","Anderson, C",-0.31,-0.55,-2.99,0.46,-0.45
"204","Nix, J",-0.31,-3.94,0,0.83,-1.2
"811","Nelson",-0.31,-0.47,-2.49,-0.17,0
"956","Scahill",-0.31,0,-3.17,0.03,0
"889","Campana",-0.31,-2.4,0,-0.75,1.66
"483","Leroux",-0.32,0,-3.12,-0.03,0
"192","Granderson",-0.32,-0.3,0,-2.87,-0.6
"902","Fife",-0.32,-0.12,-3.14,0.08,0
"651","Marte, Al",-0.32,-2.55,0,-0.63,-0.22
"659","Almonte, A",-0.32,-3.56,0,0.35,0.12
"262","Kintzler",-0.33,0,-4.17,0.92,0
"1056","Butler",-0.33,-0.44,-2.9,0.08,0
"224","Santos, S",-0.33,0,-3.25,-0.01,0
"792","Jones, N",-0.33,0,-3.25,-0.01,0
"162","Hairston, S",-0.33,-2.02,0,-1.25,-0.01
"381","Ryan",-0.33,-3.42,0,0.11,-0.41
"643","Jimenez, L",-0.33,-3.65,0,0.32,0.38
"953","Rusin",-0.34,0.02,-3.4,0,0
"967","Vincent",-0.34,0,-3.52,0.13,0
"117","Lopez, Jav",-0.34,0,-3.63,0.23,0
"1117","Gonzales",-0.34,0.72,-4.17,0.04,0.05
"203","Jimenez, U",-0.34,0,-3.47,0.06,0
"232","Motte",-0.34,0,-3.1,-0.32,0
"859","Flores, W",-0.34,-4.78,0,1.36,0.33
"890","Chatwood",-0.34,0.44,-3.76,-0.11,0
"214","Oviedo",-0.34,0,-2.93,-0.51,0
"81","Teixeira",-0.35,-6.27,0,2.82,-1.74
"1011","Taveras, O",-0.35,-4.75,0,1.29,0.01
"165","Germano",-0.35,0,-3.37,-0.1,0
"982","Franklin",-0.35,-4.76,0,1.28,0.16
"207","Baker, Jo",-0.35,-2.55,0,-0.94,-0.56
"743","Hernandez, Ce",-0.35,-2.25,0,-1.24,-0.61
"909","Gomes, Y",-0.35,-2.05,0,-1.46,-2.23
"1053","Goins",-0.35,-4.26,0,0.74,-0.89
"206","Whiteside",-0.35,-3.4,0,-0.13,-0.02
"1031","Jones, J",-0.35,-4.02,0,0.47,4.03
"577","Wall",-0.36,0,-3.53,-0.02,0
"620","Thole",-0.36,-4.35,0,0.79,-2.5
"499","Miller, Ji",-0.36,0,-3.55,-0.02,0
"592","Avila",-0.36,-3.37,0,-0.25,-6.13
"543","Johnson, E",-0.36,-2.65,0,-0.97,-0.05
"538","Chacin",-0.37,1.25,-4.95,0.04,-0.51
"614","Recker",-0.37,-3.87,0,0.22,1.6
"806","Middlebrooks",-0.37,-3.87,0,0.22,-1.75
"729","Gonzalez, M",-0.37,-1.7,0,-1.98,0.46
"215","Masset",-0.37,0,-3.44,-0.25,0
"359","Perez, C",-0.37,0.04,-3.86,0.12,0
"955","Satin",-0.37,-3.91,0,0.2,-0.3
"431","Jackson, A",-0.37,-0.47,0,-3.24,0.55
"152","Kelly, D",-0.37,-4.79,0,1.06,-1.59
"186","Danks, Jh",-0.37,0.05,-3.89,0.1,0
"155","Hart",-0.38,-3.29,0,-0.48,0.28
"799","Lough",-0.38,-5.42,0,1.65,0.9
"838","Tepesch",-0.38,0,-3.96,0.17,0
"853","Kieschnick",-0.38,-2.95,0,-0.84,-0.46
"716","Diaz, J",-0.38,-4.65,0,0.86,-0.08
"854","Medica",-0.38,-2.41,0,-1.38,1.03
"997","Joseph, D",-0.38,0,-3.79,-0.01,0
"213","McLouth",-0.39,-6.23,0,2.38,-0.55
"959","Shuck",-0.39,-4.98,0,1.11,0.51
"752","Sanchez, H",-0.39,-3.9,0,0.02,0.16
"609","Miley",-0.39,-0.56,-2.46,-0.87,-1.01
"199","Ruiz",-0.39,-4.76,0,0.85,-3.13
"1131","Betts",-0.39,-1.7,0,-2.21,-0.08
"107","Bell",-0.4,0,-3.68,-0.27,0
"585","Lowrie",-0.4,-5.45,0,1.47,0.34
"923","House",-0.4,0,-3.07,-0.91,0
"369","Parker, B",-0.4,0,-3.83,-0.18,0
"611","Morrison",-0.4,-4.05,0,0.03,1.14
"445","Happ",-0.4,-0.56,-3.35,-0.12,0
"751","Pimentel, S",-0.4,-0.33,-3.5,-0.2,0
"1028","Holmberg",-0.41,0,-4.09,-0.01,0
"569","Wood, T",-0.41,7.16,-11.78,0.49,0.25
"948","Roach",-0.41,-0.11,-4.28,0.25,0.01
"385","Ellis, A",-0.42,-4.55,0,0.36,-0.19
"428","De Aza",-0.42,-3.3,0,-0.91,-2.16
"945","Pettibone",-0.42,0.03,-3.98,-0.28,0
"642","Colabello",-0.42,-1.66,0,-2.58,0.06
"922","Hosmer",-0.42,-6.63,0,2.39,2.22
"918","Herrmann, C",-0.43,-5.33,0,1.07,-0.21
"13","Gonzalez, Al",-0.43,-2.64,0,-1.63,-0.55
"536","Ogando",-0.43,0,-4.02,-0.25,0
"331","Gallardo",-0.43,-0.82,-3.12,-0.37,-0.09
"156","Belisario",-0.43,0,-3.99,-0.32,0
"520","Ciriaco",-0.43,-4.13,0,-0.22,0.21
"337","Flowers",-0.43,-2.98,0,-1.36,-1.05
"615","Romo",-0.43,0,-4.49,0.15,0
"116","Capuano",-0.44,0,-4.53,0.17,0
"425","Romak",-0.44,-4.4,0,0.04,-0.99
"252","Escobar, A",-0.44,-1.56,0,-2.8,3.81
"759","Aumont",-0.44,0,-4.36,-0.01,0
"509","Conrad",-0.44,-3.47,0,-0.91,0.34
"348","Cabrera, A",-0.44,-5.07,0,0.67,-0.12
"565","Carter",-0.44,-4.25,0,-0.16,-3.45
"413","Stewart, I",-0.44,-4.26,0,-0.17,0.31
"951","Rosenberg",-0.44,0,-4.47,0.03,0
"950","Robertson",-0.44,-2.19,0,-2.25,-0.51
"914","Hand, B",-0.45,-0.23,-3.79,-0.45,-0.07
"242","Roberts, R",-0.45,-3.52,0,-0.96,-0.08
"848","Cleto",-0.45,0,-4.33,-0.17,0
"83","Francisco, F",-0.45,0,-4.47,-0.04,0
"649","Pinto",-0.45,-4.87,0,0.36,-1.41
"627","Caminero",-0.46,0,-4.65,0.07,0
"551","Zeid",-0.46,-0.19,-4.19,-0.2,0
"624","Gomez, J",-0.46,0.47,-5.43,0.36,-0.01
"517","Mujica",-0.46,0,-4.83,0.21,0
"406","Denorfia",-0.46,-8.15,0,3.52,2.19
"426","Jurrjens",-0.46,-0.27,-4.14,-0.23,-0.26
"672","Minor",-0.46,0.59,-5.33,0.11,0.09
"1147","Ramirez, J",-0.46,-4.73,0,0.09,-0.41
"726","Peacock",-0.47,-0.56,-3.5,-0.6,0
"405","Castillo, W",-0.47,-4.19,0,-0.53,-0.66
"802","Mastroianni",-0.47,-6.6,0,1.87,0.32
"460","Slowey",-0.47,-0.68,-3.97,-0.09,0
"1057","Butler, K",-0.48,0,-4.72,-0.04,0
"1139","Montero",-0.48,-0.51,-3.89,-0.36,0.01
"446","Daley",-0.48,0,-4.94,0.15,0
"149","Kubel",-0.48,-3.53,0,-1.28,-0.62
"78","Ellis, M",-0.48,-6.18,0,1.37,1.91
"919","Hicks",-0.48,-2.4,0,-2.44,-1.25
"1084","Cumpton",-0.49,-0.72,-4.06,-0.09,0.37
"607","Gosewisch",-0.49,-4.68,0,-0.2,-0.55
"561","Wagner",-0.49,0,-5.2,0.26,0
"977","den Dekker",-0.5,-4.21,0,-0.76,0.48
"46","Nady",-0.5,-4.99,0,0.01,0.61
"254","Jay",-0.5,-5.49,0,0.47,-0.52
"92","Nieves",-0.5,-4.71,0,-0.32,-0.56
"54","Punto",-0.5,-5.29,0,0.24,-1.59
"1051","Zunino",-0.51,-5.1,0,0.03,-0.07
"112","Barmes",-0.51,-5.22,0,0.13,-0.33
"1074","Straily",-0.51,0,-5.21,0.09,0
"697","Cobb",-0.52,-0.26,-4.28,-0.61,0
"1035","Mikolas",-0.52,0,-5.06,-0.1,0
"3","Giambi",-0.52,-5.17,0,0,0.11
"584","Parmelee",-0.52,-5.77,0,0.6,-1.48
"141","Santana, E",-0.52,-1.54,-4.18,0.49,-0.33
"21","Wolf",-0.52,0.1,-5.21,-0.13,0
"284","Lopez, W",-0.53,0,-5.34,0.05,0
"671","Snider",-0.53,-4.71,-1.37,0.76,0.22
"998","Bergman",-0.53,-0.04,-4.88,-0.4,-0.17
"594","Barnes, B",-0.53,-4.97,0,-0.35,-1.07
"912","Grossman",-0.53,-0.3,0,-5.03,-1.29
"1083","Castellanos, N",-0.53,-2.87,0,-2.48,-3.95
"529","Herrera",-0.54,-5.75,0,0.4,-0.39
"230","McCarthy",-0.54,0.23,-6.01,0.43,-0.14
"693","Valencia, D",-0.54,-3.27,0,-2.1,-1.08
"711","Carpenter, D",-0.54,0,-4.66,-0.73,0
"655","Avilan",-0.54,-0.01,-5.83,0.43,0
"884","Bass",-0.54,0,-5.14,-0.28,0
"725","Figueroa, C",-0.55,-3.42,0,-2.05,-0.75
"76","Johnson, R",-0.55,-2.7,0,-2.77,-1.13
"965","Tonkin",-0.55,0,-5.87,0.4,0
"646","Rojas, M",-0.55,-6.24,0,0.76,0.82
"249","Breslow",-0.55,0,-5.41,-0.07,0
"931","Lombardozzi",-0.55,-4.59,0,-0.91,-1.22
"10","Wright, J",-0.55,-0.15,-5.5,0.13,0
"744","Segura",-0.55,-2.52,0,-3,2.84
"833","Sogard",-0.56,-8.39,0,2.84,-0.52
"77","Valverde",-0.56,0,-4.59,-0.96,0
"75","Bedard",-0.56,0,-5.36,-0.2,0
"601","Castro, Ja",-0.56,-5.15,0,-0.45,-1.62
"1135","Johnson, E",-0.56,-0.5,-5.37,0.24,0
"927","Koehler",-0.57,-2.71,-2.32,-0.64,0
"1126","Sardinas",-0.57,-2.05,0,-3.64,1.19
"736","Leon, S",-0.57,-5.53,0,-0.17,-0.18
"398","Markakis",-0.57,-4.95,0,-0.77,-3.4
"1019","Cingrani",-0.57,-0.94,-4.46,-0.32,-0.09
"658","Rosario, W",-0.57,-5.33,0,-0.41,-3.12
"233","Schumaker",-0.58,-2.15,0,-3.6,-1.06
"691","Brown, D",-0.58,-2.98,0,-2.8,0.74
"545","Gonzalez, C",-0.58,-3.58,0,-2.23,-0.78
"541","Aceves, A",-0.58,0,-5.79,-0.03,0
"93","Phillips",-0.58,-4.48,0,-1.34,-1.19
"1036","Miller, S",-0.59,0.75,-6.01,-0.61,-0.12
"324","Matusz",-0.59,0,-6.15,0.27,0
"485","Gomes, B",-0.59,0,-5.94,0.06,0
"978","Lyons",-0.59,0.18,-5.73,-0.35,-0.37
"898","DeSclafani",-0.59,1.37,-6.59,-0.69,0.01
"43","Vogelsong",-0.59,0.87,-7.11,0.3,-0.26
"534","Tabata",-0.6,-3.87,0,-2.09,-0.27
"420","Frieri",-0.6,0,-5.67,-0.3,0
"550","Garcia, Lu",-0.6,0,-5.64,-0.33,0
"240","Frandsen",-0.6,-7.62,0,1.61,0.54
"1091","Mariot",-0.61,0,-5.55,-0.5,0
"311","Volquez",-0.61,-1.38,-4.61,-0.09,-0.34
"403","Gonzalez, M",-0.61,-0.83,-4.36,-0.91,0
"661","Harris",-0.61,0,-6.18,0.07,0
"602","Coleman, L",-0.61,0,-6.07,-0.05,0
"326","Hayes",-0.61,-6.84,0,0.7,0.19
"539","Rogers, E",-0.61,-0.09,-5.66,-0.4,0
"441","Schafer, J",-0.62,-4.96,0,-1.2,1.7
"120","Mathis",-0.62,-5.52,0,-0.65,-0.81
"768","Collmenter",-0.62,-2.35,-3.33,-0.5,-0.08
"851","Forsythe",-0.62,-9.13,0,2.93,-0.03
"360","Robinson, S",-0.62,-5.05,0,-1.15,0.48
"231","McCann",-0.63,-4.93,0,-1.33,-3.57
"39","Belisle",-0.63,0,-6.73,0.46,0
"341","Maxwell",-0.63,-2.93,0,-3.37,0.81
"258","Marshall, S",-0.63,0,-7.03,0.71,0
"197","Liriano, F",-0.63,-0.62,-6.06,0.33,-0.05
"57","Suzuki, I",-0.64,-7.95,0,1.6,0.44
"495","Marmol",-0.64,0,-6.33,-0.04,0
"721","Schafer, L",-0.64,-4.63,0,-1.77,0.36
"983","Grichuk",-0.64,-4.5,0,-1.91,0.25
"219","Morales, K",-0.64,-6.37,0,-0.05,-2.08
"630","Kawasaki",-0.64,-4.4,0,-2.02,-2.05
"62","Roberts, B",-0.64,-2.99,0,-3.45,-0.66
"921","Hoover",-0.65,0.61,-6.73,-0.35,0.17
"774","Descalso",-0.65,-6.89,0.1,0.31,0.19
"665","Kalish",-0.65,-5.33,0,-1.16,-0.66
"834","Soto, N",-0.65,-6.12,0,-0.39,0
"328","Wilson, Br",-0.65,0,-5.95,-0.59,0
"236","Barton",-0.66,-5.27,0,-1.32,-0.23
"450","Falu",-0.66,-6.24,0,-0.37,-0.37
"387","Carp",-0.66,-5.14,-0.96,-0.53,-1.07
"846","Galvis",-0.66,-6.63,0,-0.01,0.09
"397","Young, C",-0.67,-5.77,0,-0.9,0.97
"952","Ross Jr.",-0.67,0.14,-7.71,0.89,-0.23
"867","Ramirez, Er",-0.67,-0.34,-6.47,0.12,0
"372","Lincecum",-0.67,-0.34,-6.17,-0.23,0.06
"1141","Peterson, J",-0.68,-9.01,0,2.23,0.2
"459","Lannan",-0.68,0,-6.81,0,0
"90","Gonzalez, Ad",-0.69,-7.32,0,0.46,0.64
"137","Howard",-0.69,-7.83,0,0.96,-2.48
"622","Garza, M",-0.69,-2.17,-3.79,-0.91,-0.23
"309","Harrell",-0.69,0,-6.87,-0.05,0
"855","Dominguez, J",-0.69,-0.21,-6.68,-0.02,0
"1033","Krol",-0.69,0,-6.98,0.05,0
"1025","Heaney",-0.71,-0.71,-6.24,-0.17,-0.01
"312","Morton",-0.72,-3.78,-3.24,-0.13,-0.35
"475","Hundley",-0.72,-6.6,0,-0.55,-2.57
"786","Grandal",-0.72,-6.5,0,-0.65,1.31
"415","Bailey, H",-0.72,-1.16,-5.72,-0.3,-0.07
"101","Ross, D",-0.72,-8.31,0,1.12,-1.75
"105","Ross, C",-0.72,-7.9,0,0.66,0.91
"933","Maronde",-0.73,0,-6.98,-0.29,0
"589","Davis, I",-0.73,-8.11,0,0.8,-0.81
"639","Beckham, G",-0.73,-10.34,0,3.03,0.7
"91","Peavy",-0.73,0,-7.8,0.46,0
"809","Moustakas",-0.74,-5.18,0,-2.18,-0.56
"905","Friedrich",-0.74,-0.07,-7.33,0.03,-0.04
"362","Carroll",-0.74,0,-6.35,-1.03,0
"338","Headley",-0.74,-6.33,0,-1.07,0.59
"8","Konerko",-0.74,-7.89,0,0.45,-0.8
"1049","Skaggs",-0.75,0,-6.09,-1.37,0
"596","Bianchi",-0.75,-8.34,0,0.8,-0.29
"24","Nathan",-0.75,0,-7.45,-0.08,0
"532","Nova",-0.75,0,-7.1,-0.44,0
"45","Dickey",-0.75,-0.36,-7.39,0.2,-0.02
"277","Putkonen",-0.76,0,-7.53,-0.03,0
"435","Maybin",-0.76,-9.78,0,2.21,1.46
"572","Masterson",-0.76,-0.09,-6.23,-1.25,0
"126","Upton, B",-0.76,-8.88,0,1.28,4.74
"103","Guthrie",-0.76,-0.66,-7.19,0.23,-0.01
"901","Federowicz",-0.77,-7.34,0,-0.34,-0.1
"777","Dominguez",-0.77,-11.69,0,3.97,-3.01
"407","Kratz",-0.78,-7.15,0,-0.6,-1.08
"531","Doubront",-0.78,0,-7.31,-0.47,0
"276","Cozart",-0.78,-16.22,0,8.42,0.98
"790","Hicks",-0.78,-8.11,0,0.29,2.25
"427","Saltalamacchia",-0.79,-7.11,0,-0.75,0.25
"707","Cahill",-0.8,-0.1,-7.27,-0.6,-0.01
"439","Jennings, D",-0.8,-11.13,0,3.15,1.1
"502","Romine, A",-0.8,-6.15,0,-1.86,0.49
"1122","Whitley",-0.8,0.02,-8.23,0.16,0.04
"920","Hoes",-0.8,-6.71,0,-1.34,-0.71
"73","Veras",-0.81,0,-7.88,-0.18,0
"695","Mills",-0.81,-1.12,-7.06,0.1,0
"171","Pena, B",-0.82,-8.74,0,0.55,-1.83
"299","Reynolds, Ma",-0.82,-8.41,0,0.22,-0.32
"510","Uggla",-0.82,-6.66,0,-1.54,1.86
"42","Sabathia",-0.82,-0.83,-7.22,-0.17,0
"279","Barney",-0.82,-7.61,0,-0.62,-0.76
"756","Delgado, R",-0.83,-0.87,-7.41,0.02,0
"123","Dobbs",-0.83,-8.22,0,-0.06,-0.81
"1127","Bradley Jr.",-0.83,-9.18,0,0.89,0.95
"169","Maholm",-0.83,-0.32,-7.64,-0.34,0.01
"522","Florimon",-0.84,-10.72,0,2.32,0.72
"787","Grimm",-0.84,0,-8.17,-0.27,0
"472","Sanchez, G",-0.85,-10.11,0,1.59,-1.34
"16","Beltran",-0.85,-6.98,0,-1.55,-1.29
"61","Pujols",-0.86,-7.86,0,-0.71,-0.13
"170","Murphy",-0.86,-5.76,0,-2.83,-1.58
"229","Sweeney, R",-0.86,-8.22,0,-0.38,-1.91
"1132","Brooks",-0.87,0,-8.46,-0.24,0
"767","Clemens",-0.88,0,-9.11,0.34,0
"138","Sizemore, G",-0.89,-5.21,0,-3.68,-1.6
"629","Aoki",-0.9,-11.11,0,2.08,1.29
"187","Hernandez, R",-0.91,-2.36,-7.46,0.73,-0.01
"23","Pierzynski",-0.91,-7.7,0,-1.39,-2.76
"772","d'Arnaud, T",-0.91,-6.92,0,-2.19,-0.18
"285","Lobaton",-0.92,-8.89,0,-0.33,0.77
"877","Arcia, O",-0.92,-7.58,0,-1.65,-2.08
"1018","Buchanan, D",-0.92,-1.62,-7.87,0.25,-0.01
"808","Moreland",-0.92,-7.54,0.39,-2.08,-3.16
"1032","Krauss",-0.93,-12.07,0,2.74,-1.87
"373","Buchholz",-0.93,0.4,-8.61,-1.13,0.02
"684","McAllister",-0.94,-0.35,-8.81,-0.2,-0.01
"925","Joseph",-0.94,-9.1,0,-0.28,-0.86
"666","Freese",-0.94,-7.11,0,-2.3,-4.08
"935","Maurer",-0.95,0.01,-9.26,-0.22,0
"168","Swisher",-0.96,-6.36,0,-3.21,-2.71
"597","Bourjos",-0.96,-8.37,0,-1.23,1.01
"478","Pelfrey",-0.96,0,-9.72,0.08,0
"822","Revere",-0.96,-2.11,0,-7.53,5.37
"194","Verlander",-0.98,0.39,-10.8,0.66,-0.04
"871","Inciarte",-0.98,-13.12,0,3.28,-2.03
"297","Lucas",-0.99,-8.56,0,-1.35,1.44
"27","Burnett, AJ",-1,-0.93,-9.21,0.18,0.36
"1001","Ackley",-1,-9.7,0,-0.28,0.49
"454","Rasmus, C",-1,-5.35,0,-4.7,-1.86
"211","Rodriguez, W",-1.01,0.12,-10.23,0.02,-0.16
"201","Saunders, J",-1.01,0,-9.86,-0.28,0
"320","Arencibia",-1.02,-10.22,0,0.05,-0.21
"705","Bolsinger",-1.02,-0.09,-10.33,0.21,-0.01
"251","Feldman",-1.03,-0.37,-8.87,-1.04,0
"440","Espinosa",-1.04,-13.31,0,2.95,-1.86
"801","Lueke",-1.05,0,-10.15,-0.31,0
"6","Ibanez",-1.05,-9.05,0,-1.47,-2.23
"687","Presley",-1.06,-8.73,0,-1.86,-1.38
"606","Escobar, Y",-1.06,-6.09,0,-4.54,1.1
"142","Correia",-1.07,0.64,-10.73,-0.59,-0.04
"172","Cain, M",-1.07,0.96,-11.57,-0.1,-0.12
"513","Morales, F",-1.07,-0.37,-10.93,0.55,-0.34
"2","Colon",-1.08,-3.99,-5.48,-1.33,0.02
"108","Williams",-1.09,0,-10.44,-0.45,0
"115","Rios, A",-1.09,-7.12,0,-3.79,-2.76
"223","Baker, S",-1.1,-0.18,-10.89,0.08,0
"136","Hardy",-1.12,-9.36,0,-1.79,-3.82
"512","Paulino",-1.12,-0.33,-10.62,-0.27,0
"1142","Martinez, N",-1.13,-0.07,-11.16,-0.07,0
"771","Culberson",-1.15,-9.11,0,-2.37,-1.2
"176","Callaspo",-1.15,-10.93,0,-0.58,-2.51
"1048","Singleton",-1.17,-8.42,0,-3.26,-0.16
"25","Pena, C",-1.17,-10.77,0,-0.96,-1.92
"999","Romero, S",-1.18,-13.54,0,1.71,1.82
"1070","Nuno",-1.19,-0.18,-11.97,0.23,-0.07
"380","Villanueva, Ca",-1.21,-0.94,-11.45,0.34,0
"899","Eovaldi",-1.23,-3.65,-8.58,-0.04,0.39
"761","Bettis",-1.25,0,-12.18,-0.36,0
"308","Aviles",-1.26,-10.66,0,-1.96,-1.44
"662","Craig",-1.26,-13.2,0,0.57,-2.64
"617","Scheppers",-1.27,0,-12.92,0.25,0
"508","Johnson, J",-1.27,-0.27,-11.79,-0.67,0
"568","Alonso",-1.28,-11.29,0,-1.54,3.15
"269","Prado",-1.29,-8.67,0,-4.22,2.12
"1155","Wang",-1.3,0,-13.06,0.09,0
"1092","Olt",-1.31,-11.58,0,-1.51,1.19
"458","Tomlin",-1.31,0,-12.57,-0.55,0
"507","Estrada",-1.32,0.23,-13.42,-0.02,-0.58
"1010","Schoop",-1.35,-11.56,0,-1.89,0.16
"1078","Gyorko",-1.35,-10.95,0,-2.57,1.96
"7","Jeter",-1.36,-7.56,0,-6,0.75
"376","Johnson, C",-1.36,-8.35,0,-5.22,0.99
"227","Arias",-1.36,-12.69,0,-0.92,-1.39
"492","Kemp",-1.36,-10.65,0,-2.98,0.21
"974","Garcia, L",-1.39,-8.65,-1.72,-3.58,0.23
"986","Turner, J",-1.42,1.08,-14.82,-0.45,-0.01
"255","Nolasco",-1.42,-0.56,-13.46,-0.18,0
"139","Haren",-1.44,1.69,-16.24,0.18,-0.26
"731","Nicasio",-1.45,-1.18,-12.73,-0.56,-0.08
"749","Lake",-1.45,-7.87,0,-6.66,1.62
"504","Guzman",-1.47,-16.05,0,1.39,-2.02
"523","Cabrera, E",-1.48,-8.99,0,-5.78,1.26
"1077","Choice",-1.51,-8.63,0,-6.42,-0.86
"402","Noesi",-1.52,0.11,-15.04,-0.24,0
"571","Smoak",-1.54,-14.77,0,-0.6,-1.16
"153","Raburn",-1.54,-14.33,0,-1.11,-0.45
"80","Lewis",-1.58,0.93,-15.35,-1.37,0
"265","Stults",-1.59,-1.32,-15.07,0.5,-0.1
"241","Schierholtz",-1.59,-16.23,0,0.32,1.29
"650","Sierra",-1.6,-13.49,0,-2.52,-1.15
"1079","Hechavarria",-1.66,-11.9,0,-4.71,1.57
"416","Butler, B",-1.67,-16.6,0,-0.06,-5.02
"20","Soriano, A",-1.68,-16.08,0,-0.73,0.48
"745","Rienzo",-1.68,-0.01,-17.47,0.65,-0.01
"410","Bourn",-1.75,-7.94,0,-9.53,-1.85
"140","Jackson, E",-1.77,-0.29,-17.66,0.22,-0.08
"494","Venable",-1.81,-14.25,0,-3.9,1.53
"119","Loney",-1.89,-15.52,0,-3.41,-3.19
"535","Parra, G",-1.99,-12.48,0,-7.45,0.23
"1107","Bogaerts",-2.04,-13.74,0,-6.66,0.37
"19","Molina, J",-2.1,-20.17,0,-0.79,-2.39
"349","Kendrick, K",-2.39,-4.5,-20.16,0.8,-0.19
